﻿<?xml version="1.0" encoding="utf-8" ?>
<Abbreviations xmlns="http://tempuri.org/States.xsd">
<State>
<Name>ALABAMA</Name>
<Abbreviation>AL</Abbreviation>
</State>
<State>
<Name>ALASKA</Name>
<Abbreviation>AK</Abbreviation>
</State>
<State>
<Name>AMERICAN SAMOA</Name>
<Abbreviation>AS</Abbreviation>
</State>
<State>
<Name>ARIZONA</Name>
<Abbreviation>AZ</Abbreviation>
</State>
<State>
<Name>ARKANSAS</Name>
<Abbreviation>AR</Abbreviation>
</State>
<State>
<Name>CALIFORNIA</Name>
<Abbreviation>CA</Abbreviation>
</State>
<State>
<Name>COLORADO</Name>
<Abbreviation>CO</Abbreviation>
</State>
<State>
<Name>CONNECTICUT</Name>
<Abbreviation>CT</Abbreviation>
</State>
<State>
<Name>DELAWARE</Name>
<Abbreviation>DE</Abbreviation>
</State>
<State>
<Name>DISTRICT OF COLUMBIA</Name>
<Abbreviation>DC</Abbreviation>
</State>
<State>
<Name>FEDERATED STATES OF MICRONESIA</Name>
<Abbreviation>FM</Abbreviation>
</State>
<State>
<Name>FLORIDA</Name>
<Abbreviation>FL</Abbreviation>
</State>
<State>
<Name>GEORGIA</Name>
<Abbreviation>GA</Abbreviation>
</State>
<State>
<Name>GUAM</Name>
<Abbreviation>GU</Abbreviation>
</State>
<State>
<Name>HAWAII</Name>
<Abbreviation>HI</Abbreviation>
</State>
<State>
<Name>IDAHO</Name>
<Abbreviation>ID</Abbreviation>
</State>
<State>
<Name>ILLINOIS</Name>
<Abbreviation>IL</Abbreviation>
</State>
<State>
<Name>INDIANA</Name>
<Abbreviation>IN</Abbreviation>
</State>
<State>
<Name>IOWA</Name>
<Abbreviation>IA</Abbreviation>
</State>
<State>
<Name>KANSAS</Name>
<Abbreviation>KS</Abbreviation>
</State>
<State>
<Name>KENTUCKY</Name>
<Abbreviation>KY</Abbreviation>
</State>
<State>
<Name>LOUISIANA</Name>
<Abbreviation>LA</Abbreviation>
</State>
<State>
<Name>MAINE</Name>
<Abbreviation>ME</Abbreviation>
</State>
<State>
<Name>MARSHALL ISLANDS</Name>
<Abbreviation>MH</Abbreviation>
</State>
<State>
<Name>MARYLAND</Name>
<Abbreviation>MD</Abbreviation>
</State>
<State>
<Name>MASSACHUSETTS</Name>
<Abbreviation>MA</Abbreviation>
</State>
<State>
<Name>MICHIGAN</Name>
<Abbreviation>MI</Abbreviation>
</State>
<State>
<Name>MINNESOTA</Name>
<Abbreviation>MN</Abbreviation>
</State>
<State>
<Name>MISSISSIPPI</Name>
<Abbreviation>MS</Abbreviation>
</State>
<State>
<Name>MISSOURI</Name>
<Abbreviation>MO</Abbreviation>
</State>
<State>
<Name>MONTANA</Name>
<Abbreviation>MT</Abbreviation>
</State>
<State>
<Name>NEBRASKA</Name>
<Abbreviation>NE</Abbreviation>
</State>
<State>
<Name>NEVADA</Name>
<Abbreviation>NV</Abbreviation>
</State>
<State>
<Name>NEW HAMPSHIRE</Name>
<Abbreviation>NH</Abbreviation>
</State>
<State>
<Name>NEW JERSEY</Name>
<Abbreviation>NJ</Abbreviation>
</State>
<State>
<Name>NEW MEXICO</Name>
<Abbreviation>NM</Abbreviation>
</State>
<State>
<Name>NEW YORK</Name>
<Abbreviation>NY</Abbreviation>
</State>
<State>
<Name>NORTH CAROLINA</Name>
<Abbreviation>NC</Abbreviation>
</State>
<State>
<Name>NORTH DAKOTA</Name>
<Abbreviation>ND</Abbreviation>
</State>
<State>
<Name>NORTHERN MARIANA ISLANDS</Name>
<Abbreviation>MP</Abbreviation>
</State>
<State>
<Name>OHIO</Name>
<Abbreviation>OH</Abbreviation>
</State>
<State>
<Name>OKLAHOMA</Name>
<Abbreviation>OK</Abbreviation>
</State>
<State>
<Name>OREGON</Name>
<Abbreviation>OR</Abbreviation>
</State>
<State>
<Name>PALAU</Name>
<Abbreviation>PW</Abbreviation>
</State>
<State>
<Name>PENNSYLVANIA</Name>
<Abbreviation>PA</Abbreviation>
</State>
<State>
<Name>PUERTO RICO</Name>
<Abbreviation>PR</Abbreviation>
</State>
<State>
<Name>RHODE ISLAND</Name>
<Abbreviation>RI</Abbreviation>
</State>
<State>
<Name>SOUTH CAROLINA</Name>
<Abbreviation>SC</Abbreviation>
</State>
<State>
<Name>SOUTH DAKOTA</Name>
<Abbreviation>SD</Abbreviation>
</State>
<State>
<Name>TENNESSEE</Name>
<Abbreviation>TN</Abbreviation>
</State>
<State>
<Name>TEXAS</Name>
<Abbreviation>TX</Abbreviation>
</State>
<State>
<Name>UTAH</Name>
<Abbreviation>UT</Abbreviation>
</State>
<State>
<Name>VERMONT</Name>
<Abbreviation>VT</Abbreviation>
</State>
<State>
<Name>VIRGIN ISLANDS</Name>
<Abbreviation>VI</Abbreviation>
</State>
<State>
<Name>VIRGINIA</Name>
<Abbreviation>VA</Abbreviation>
</State>
<State>
<Name>WASHINGTON</Name>
<Abbreviation>WA</Abbreviation>
</State>
<State>
<Name>WEST VIRGINIA</Name>
<Abbreviation>WV</Abbreviation>
</State>
<State>
<Name>WISCONSIN</Name>
<Abbreviation>WI</Abbreviation>
</State>
<State>
<Name>WYOMING</Name>
<Abbreviation>WY</Abbreviation>
</State>
</Abbreviations>